{
  "\\Ivfp": 0.3130251,
  "\\Ihfp": 0.108549826,
  "\\Iohp": 0.3569182,
  "\\bt": 0.18819916,
  "\\dx": 1.2442889,
  "\\dy": 1.0563533,
  "\\exsad7":  0.06302848,
  "\\exsad10":  0.06302848,
  "\\exsad4":  0.06302848,
  "\\exsad1":  0.06302848,
  "\\ip": 33.8208,
  "\\vl": 2.310613,
  "\\polaris_den_mean": 3.754582,
  "\\sxr_c_mean": 0.2754498,
  "\\fft_amp": 0.8134544,
  "\\fft_fre": 4701.4116
}