{
  "\\Ivfp": 1.6516229,
  "\\Ihfp": 0.31064358,
  "\\Iohp": 1.5675911,
  "\\bt": 1.7600567,
  "\\dx": 0.09772878,
  "\\dy": 0.15837978,
  "\\exsad7":  -0.06600823,
  "\\exsad10":  -0.06600823,
  "\\exsad4":  -0.06600823,
  "\\exsad1":  -0.06600823,
  "\\ip": 156.59912,
  "\\vl": 2.355186,
  "\\polaris_den_mean": 0.90295774,
  "\\sxr_c_mean":0.23962578,
  "\\fft_amp": 0.4523097,
  "\\fft_fre": 5793.847,

}
